datetime,open,high,low,close,volume
2024-07-05 04:00:00,551.77,555.05,551.12,554.64,41488389.0
2024-07-08 04:00:00,555.44,556.2501,554.19,555.28,36110451.0
2024-07-09 04:00:00,556.26,557.18,555.52,555.82,27314125.0
2024-07-10 04:00:00,557.07,561.67,556.77,561.32,38701220.0
2024-07-11 04:00:00,561.44,562.33,555.83,556.48,53054184.0
2024-07-12 04:00:00,557.63,563.67,557.15,559.99,53084405.0
2024-07-15 04:00:00,562.03,564.8371,559.63,561.53,40584293.0
2024-07-16 04:00:00,562.865,565.16,562.1,564.86,36475260.0
2024-07-17 04:00:00,558.8,560.51,556.61,556.94,57118956.0
2024-07-18 04:00:00,558.51,559.52,550.43,552.66,56270392.0
2024-07-19 04:00:00,552.42,554.08,547.91,548.99,65509081.0
2024-07-22 04:00:00,553.0,555.27,551.02,554.65,43346720.0
2024-07-23 04:00:00,554.54,556.735,553.275,553.78,34439561.0
2024-07-24 04:00:00,548.86,549.17,540.29,541.23,74515266.0
2024-07-25 04:00:00,541.35,547.455,537.45,538.41,61158288.0
2024-07-26 04:00:00,542.28,547.19,541.49,544.44,53763788.0
2024-07-29 04:00:00,546.02,547.05,542.72,544.76,39515824.0
2024-07-30 04:00:00,546.26,547.34,538.515,542.0,46853632.0
2024-07-31 04:00:00,548.98,553.5,547.5799,550.81,65663388.0
2024-08-01 04:00:00,552.57,554.8688,539.43,543.01,76428732.0
2024-08-02 04:00:00,535.75,536.99,528.6,532.9,82789070.0
2024-08-05 04:00:00,511.64,523.58,510.27,517.38,146267391.0
2024-08-06 04:00:00,519.22,529.75,517.87,522.15,84826312.0
2024-08-07 04:00:00,528.47,531.59,518.0519,518.66,70698340.0
2024-08-08 04:00:00,523.91,531.29,521.84,530.65,63276589.0
2024-08-09 04:00:00,529.81,534.51,528.56,532.99,45619558.0
2024-08-12 04:00:00,534.21,535.73,530.95,533.27,42542069.0
2024-08-13 04:00:00,536.53,542.28,536.28,542.04,52333073.0
2024-08-14 04:00:00,542.85,544.96,540.12,543.75,42446929.0
2024-08-15 04:00:00,549.5,553.36,548.88,553.07,60846812.0
2024-08-16 04:00:00,551.42,555.02,551.26,554.31,44430728.0
2024-08-19 04:00:00,554.73,559.61,553.86,559.61,39121793.0
2024-08-20 04:00:00,559.15,560.84,557.325,558.7,33732264.0
2024-08-21 04:00:00,559.77,562.11,554.73,560.62,41514600.0
2024-08-22 04:00:00,562.56,563.18,554.98,556.22,56121456.0
2024-08-23 04:00:00,559.53,563.09,557.29,562.13,50639393.0
2024-08-26 04:00:00,563.18,563.91,559.05,560.79,35788609.0
2024-08-27 04:00:00,559.49,562.06,558.32,561.56,32693898.0
2024-08-28 04:00:00,561.21,561.65,555.04,558.3,41066024.0
2024-08-29 04:00:00,560.31,563.68,557.18,558.35,38715176.0
2024-08-30 04:00:00,560.77,564.2,557.14,563.68,62700110.0
2024-09-03 04:00:00,560.47,560.81,549.51,552.08,60600113.0
2024-09-04 04:00:00,550.2,554.43,549.46,550.95,47224939.0
2024-09-05 04:00:00,550.89,553.7995,547.1,549.61,44264258.0
2024-09-06 04:00:00,549.94,551.6,539.44,540.36,68493805.0
2024-09-09 04:00:00,544.65,547.71,542.68,546.41,40445822.0
2024-09-10 04:00:00,548.36,549.15,543.38,548.79,36394579.0
2024-09-11 04:00:00,548.7,555.36,539.96,554.42,75248608.0
2024-09-12 04:00:00,555.01,559.4,552.74,559.09,51892735.0
2024-09-13 04:00:00,559.71,563.03,559.45,562.01,39310501.0
2024-09-16 04:00:00,561.74,563.11,559.9,562.84,36656122.0
2024-09-17 04:00:00,565.1,566.58,560.795,563.07,49320970.0
2024-09-18 04:00:00,563.74,568.69,560.83,561.4,59044937.0
2024-09-19 04:00:00,571.01,572.88,568.08,570.98,75315470.0
2024-09-20 04:00:00,567.84,569.31,565.17,568.25,77503110.0
2024-09-23 04:00:00,569.34,570.3325,568.1,569.67,44116922.0
2024-09-24 04:00:00,570.48,571.36,567.6,571.3,46805672.0
2024-09-25 04:00:00,571.14,571.89,568.91,570.04,38428587.0
2024-09-26 04:00:00,574.38,574.71,569.9,572.3,48336004.0
2024-09-27 04:00:00,573.39,574.22,570.42,571.47,42100928.0
2024-09-30 04:00:00,570.42,574.38,568.08,573.76,63655448.0
2024-10-01 04:00:00,573.4,574.0622,566.0,568.62,72668778.0
2024-10-02 04:00:00,567.71,569.9,565.27,568.86,38097798.0
2024-10-03 04:00:00,567.36,569.8025,565.49,567.82,40846466.0
2024-10-04 04:00:00,572.35,573.36,568.1,572.98,43005186.0
2024-10-07 04:00:00,571.3,571.9599,566.63,567.8,49964690.0
2024-10-08 04:00:00,570.42,573.78,569.5299,573.17,37398693.0
2024-10-09 04:00:00,573.16,577.71,572.55,577.14,37912244.0
2024-10-10 04:00:00,575.77,577.58,574.49,576.13,44138060.0
2024-10-11 04:00:00,576.05,580.33,575.91,579.58,42267994.0
2024-10-14 04:00:00,581.22,585.27,580.73,584.32,36217215.0
2024-10-15 04:00:00,584.59,584.9,578.545,579.78,54203636.0
2024-10-16 04:00:00,579.78,582.83,578.96,582.3,30725436.0
2024-10-17 04:00:00,585.91,586.12,582.16,582.35,34393714.0
2024-10-18 04:00:00,584.07,585.39,582.58,584.59,37416801.0
2024-10-21 04:00:00,583.85,584.85,580.6001,583.63,36439010.0
2024-10-22 04:00:00,581.05,584.5,580.38,583.32,34183835.0
2024-10-23 04:00:00,581.26,581.7086,574.415,577.99,49314574.0
2024-10-24 04:00:00,579.98,580.06,576.57,579.24,34979860.0
2024-10-25 04:00:00,581.51,584.46,578.08,579.04,47268176.0
2024-10-28 04:00:00,582.58,582.71,580.52,580.83,30174704.0
2024-10-29 04:00:00,579.85,582.907,578.43,581.77,42899661.0
2024-10-30 04:00:00,581.29,583.32,579.29,580.01,41435839.0
2024-10-31 04:00:00,575.56,575.63,568.44,568.64,60182451.0
2024-11-01 04:00:00,571.32,575.55,570.62,571.04,45667533.0
2024-11-04 05:00:00,571.18,572.5,567.89,569.81,38216975.0
2024-11-05 05:00:00,570.74,576.74,570.52,576.7,39478322.0
2024-11-06 05:00:00,589.2,591.93,585.39,591.04,68181968.0
2024-11-07 05:00:00,593.08,596.65,592.9999,595.61,47233212.0
2024-11-08 05:00:00,596.17,599.64,596.165,598.19,46444893.0
2024-11-11 05:00:00,599.81,600.17,597.0,598.76,37586773.0
2024-11-12 05:00:00,598.68,599.29,594.37,596.9,43006128.0
2024-11-13 05:00:00,597.37,599.23,594.96,597.19,47388640.0
2024-11-14 05:00:00,597.32,597.81,592.65,593.35,38904109.0
2024-11-15 05:00:00,589.72,590.2,583.86,585.75,75988766.0
2024-11-18 05:00:00,586.22,589.49,585.34,588.15,37084081.0
2024-11-19 05:00:00,584.71,591.045,584.03,590.3,49412046.0
2024-11-20 05:00:00,590.38,590.79,584.63,590.5,50032576.0
2024-11-21 05:00:00,593.4,595.12,587.45,593.67,46750285.0
2024-11-22 05:00:00,593.66,596.15,593.1525,595.51,38226390.0
2024-11-25 05:00:00,599.52,600.86,595.2,597.53,42441393.0
2024-11-26 05:00:00,598.8,601.33,598.07,600.65,45621288.0
2024-11-27 05:00:00,600.46,600.85,597.28,598.83,34000163.0
2024-11-29 05:00:00,599.66,603.35,599.3805,602.55,30177351.0
2024-12-02 05:00:00,602.97,604.32,602.47,603.63,31745989.0
2024-12-03 05:00:00,603.39,604.16,602.341,603.91,26906629.0
2024-12-04 05:00:00,605.63,607.91,604.95,607.66,42787561.0
2024-12-05 05:00:00,607.66,608.48,606.305,606.66,28762183.0
2024-12-06 05:00:00,607.44,609.07,607.02,607.81,31241549.0
2024-12-09 05:00:00,607.69,607.86,604.08,604.68,34742738.0
2024-12-10 05:00:00,605.37,605.8,602.13,602.8,37234515.0
2024-12-11 05:00:00,605.78,608.435,605.5,607.46,28677723.0
2024-12-12 05:00:00,606.58,607.16,604.33,604.33,31543812.0
2024-12-13 05:00:00,606.4,607.13,602.81,604.21,35904730.0
2024-12-16 05:00:00,606.0,607.7795,605.21,606.79,43695179.0
2024-12-17 05:00:00,604.19,605.17,602.885,604.29,55773545.0
2024-12-18 05:00:00,603.98,606.405,585.89,586.28,108248729.0
2024-12-19 05:00:00,591.36,593.0,585.85,586.1,85919452.0
2024-12-20 05:00:00,581.77,595.75,580.91,591.15,125716674.0
2024-12-23 05:00:00,590.89,595.3,587.661,594.69,57635828.0
2024-12-24 05:00:00,596.06,601.34,595.47,601.3,33160097.0
2024-12-26 05:00:00,599.5,602.48,598.0825,601.34,41338891.0
2024-12-27 05:00:00,597.54,597.7761,590.7647,595.01,64969310.0
2024-12-30 05:00:00,587.89,591.74,584.41,588.22,56578757.0
2024-12-31 05:00:00,589.905,590.6399,584.42,586.08,57052654.0
2025-01-02 05:00:00,589.39,591.13,580.5,584.64,50203975.0
2025-01-03 05:00:00,587.53,592.6,586.43,591.95,37888459.0
2025-01-06 05:00:00,596.27,599.7,593.6,595.36,47679442.0
2025-01-07 05:00:00,597.42,597.75,586.78,588.63,60393052.0
2025-01-08 05:00:00,588.7,590.5799,585.195,589.49,47304672.0
2025-01-10 05:00:00,585.88,585.95,578.55,580.49,73105046.0
2025-01-13 05:00:00,575.77,581.75,575.35,581.39,47910060.0
2025-01-14 05:00:00,584.36,585.0,578.35,582.19,48420580.0
2025-01-15 05:00:00,590.325,593.94,589.195,592.78,56900159.0
2025-01-16 05:00:00,594.175,594.35,590.93,591.64,43319662.0
2025-01-17 05:00:00,596.96,599.36,595.61,597.58,58070628.0
2025-01-21 05:00:00,600.67,603.06,598.67,603.05,42532853.0
2025-01-22 05:00:00,605.92,607.82,605.36,606.44,48195973.0
2025-01-23 05:00:00,605.8,609.75,605.52,609.75,41152102.0
2025-01-24 05:00:00,609.81,610.78,606.8,607.97,34604693.0
2025-01-27 05:00:00,594.81,599.69,594.64,599.37,70361125.0
2025-01-28 05:00:00,600.62,605.37,597.25,604.52,44433322.0
2025-01-29 05:00:00,603.72,604.13,599.22,601.81,37177429.0
2025-01-30 05:00:00,603.96,606.6,600.715,605.04,39281255.0
2025-01-31 05:00:00,607.5,609.96,601.05,601.82,66671471.0
2025-02-03 05:00:00,592.67,600.29,590.49,597.77,65857248.0
2025-02-04 05:00:00,597.83,602.3,597.28,601.78,33457815.0
2025-02-05 05:00:00,600.64,604.37,598.58,604.22,30653149.0
2025-02-06 05:00:00,605.99,606.4525,602.63,606.32,35771503.0
2025-02-07 05:00:00,606.89,608.13,600.05,600.77,50788516.0
2025-02-10 05:00:00,604.03,605.4999,602.74,604.85,26048714.0
2025-02-11 05:00:00,602.55,605.86,602.43,605.31,30056740.0
2025-02-12 05:00:00,599.2,604.55,598.51,603.36,45076076.0
2025-02-13 05:00:00,604.48,609.94,603.2,609.73,40921297.0
2025-02-14 05:00:00,609.94,610.99,609.07,609.7,26910448.0
2025-02-18 05:00:00,610.88,611.49,608.38,611.49,26749030.0
2025-02-19 05:00:00,610.08,613.23,609.56,612.93,31011072.0
2025-02-20 05:00:00,611.54,611.684,607.02,610.38,36554002.0
2025-02-21 05:00:00,610.16,610.3,599.47,599.94,76519818.0
2025-02-24 05:00:00,602.02,603.03,596.49,597.21,50737213.0
2025-02-25 05:00:00,597.15,597.89,589.56,594.24,58266472.0
2025-02-26 05:00:00,595.93,599.58,591.8556,594.54,43321578.0
2025-02-27 05:00:00,596.85,598.02,584.65,585.05,74196664.0
2025-02-28 05:00:00,585.56,594.72,582.44,594.18,88744106.0
2025-03-03 05:00:00,596.18,597.34,579.9,583.77,74249199.0
2025-03-04 05:00:00,579.71,585.39,572.25,576.86,109648212.0
2025-03-05 05:00:00,576.69,584.88,573.0795,583.06,71230528.0
2025-03-06 05:00:00,575.48,580.1736,570.12,572.71,80094868.0
2025-03-07 05:00:00,570.9,577.39,565.63,575.92,81158816.0
2025-03-10 04:00:00,567.59,569.54,555.59,560.58,99326624.0
2025-03-11 04:00:00,559.4,564.02,552.02,555.92,88102109.0
2025-03-12 04:00:00,562.17,563.11,553.69,558.87,69588167.0
2025-03-13 04:00:00,558.49,559.105,549.68,551.42,74079414.0
2025-03-14 04:00:00,556.11,563.83,551.4917,562.81,62660321.0
2025-03-17 04:00:00,562.79,569.71,562.35,567.15,49008709.0
2025-03-18 04:00:00,564.8,565.02,559.06,561.02,66041422.0
2025-03-19 04:00:00,562.83,570.95,561.63,567.13,66555985.0
2025-03-20 04:00:00,563.33,570.57,562.6012,565.49,62958195.0
2025-03-21 04:00:00,559.28,564.89,558.03,563.98,83762964.0
2025-03-24 04:00:00,570.8,575.15,570.2,574.08,58766795.0
2025-03-25 04:00:00,575.3,576.41,573.69,575.46,38355735.0
2025-03-26 04:00:00,575.19,576.33,567.19,568.59,52228898.0
2025-03-27 04:00:00,567.18,570.9,564.94,567.08,42164248.0
2025-03-28 04:00:00,565.53,566.2675,555.07,555.66,71662653.0
2025-03-31 04:00:00,549.83,560.7112,546.87,559.39,95328213.0
2025-04-01 04:00:00,557.45,562.94,553.68,560.97,54609641.0
2025-04-02 04:00:00,555.05,567.42,554.81,564.52,76014544.0
2025-04-03 04:00:00,545.11,547.97,536.7,536.7,125985998.0
2025-04-04 04:00:00,523.67,525.87,505.06,505.28,217965131.0
2025-04-07 04:00:00,489.19,523.17,481.8,504.38,256611355.0
2025-04-08 04:00:00,521.86,524.98,489.16,496.48,165816581.0
2025-04-09 04:00:00,493.44,548.62,493.05,548.62,241867317.0
2025-04-10 04:00:00,532.17,533.495,509.32,524.58,162331225.0
2025-04-11 04:00:00,523.01,536.43,520.07,533.94,97866334.0
2025-04-14 04:00:00,544.05,544.28,533.86,539.12,68033993.0
2025-04-15 04:00:00,539.675,543.23,536.81,537.61,56892874.0
2025-04-16 04:00:00,531.68,537.8854,520.29,525.66,83484814.0
2025-04-17 04:00:00,527.64,531.165,523.91,526.41,79868083.0
2025-04-21 04:00:00,521.16,521.7,508.46,513.88,69368129.0
2025-04-22 04:00:00,520.14,529.305,519.1925,527.25,75948117.0
2025-04-23 04:00:00,540.43,545.43,533.88,535.42,90590658.0
2025-04-24 04:00:00,536.715,547.43,535.4504,546.69,64150418.0
2025-04-25 04:00:00,546.65,551.05,543.69,550.64,61119590.0
2025-04-28 04:00:00,551.39,553.55,545.02,550.85,47613755.0
2025-04-29 04:00:00,548.91,555.45,548.55,554.32,47775121.0
2025-04-30 04:00:00,547.57,556.52,541.52,554.54,93101463.0
2025-05-01 04:00:00,560.37,564.0699,557.86,558.47,63186146.0
2025-05-02 04:00:00,564.73,568.38,562.38,566.76,60717270.0
2025-05-05 04:00:00,562.57,566.65,561.7,563.51,38659222.0
2025-05-06 04:00:00,557.93,563.3476,556.96,558.8,48264708.0
2025-05-07 04:00:00,560.15,563.82,556.04,561.15,55733229.0
2025-05-08 04:00:00,565.24,570.31,561.7,565.06,65130787.0
2025-05-09 04:00:00,566.48,567.5,562.7637,564.34,37603427.0
2025-05-12 04:00:00,581.47,583.0,577.04,582.99,78993570.0
2025-05-13 04:00:00,583.41,589.08,582.84,586.84,67947225.0
2025-05-14 04:00:00,587.81,588.98,585.535,587.59,66283531.0
2025-05-15 04:00:00,585.56,590.97,585.0969,590.46,71268145.0
2025-05-16 04:00:00,591.25,594.5,589.28,594.2,76052101.0
2025-05-19 04:00:00,588.1,595.54,588.1,594.85,68168509.0
2025-05-20 04:00:00,593.09,594.05,589.6,592.85,60614492.0
2025-05-21 04:00:00,588.44,592.58,581.82,582.86,95197657.0
2025-05-22 04:00:00,582.66,586.62,581.405,583.09,70860417.0
2025-05-23 04:00:00,575.98,581.8101,575.6,579.11,76029046.0
2025-05-27 04:00:00,586.07,591.31,578.43,591.15,72588475.0
2025-05-28 04:00:00,591.56,592.7688,586.985,587.73,68445512.0
2025-05-29 04:00:00,593.06,593.2,586.07,590.05,70073758.0
2025-05-30 04:00:00,588.93,591.1299,583.235,589.39,90601242.0
2025-06-02 04:00:00,587.76,592.79,585.06,592.71,61630502.0
2025-06-03 04:00:00,592.34,597.08,591.85,596.09,63606204.0
2025-06-04 04:00:00,596.96,597.95,595.49,595.93,57314199.0
2025-06-05 04:00:00,597.63,599.0,591.05,593.05,92436397.0
2025-06-06 04:00:00,598.66,600.83,596.86,599.14,66588743.0
2025-06-09 04:00:00,599.72,601.25,598.49,599.68,53016418.0
2025-06-10 04:00:00,600.22,603.47,599.09,603.08,66246973.0
2025-06-11 04:00:00,604.19,605.06,599.27,601.36,73658225.0
2025-06-12 04:00:00,600.01,603.75,599.52,603.75,64129003.0
2025-06-13 04:00:00,598.5,601.85,595.48,597.0,89505996.0
2025-06-16 04:00:00,600.4,604.45,600.22,602.68,79984125.0
2025-06-17 04:00:00,600.21,601.75,596.76,597.53,82209365.0
2025-06-18 04:00:00,598.44,601.22,596.47,597.44,76605029.0
2025-06-20 04:00:00,598.38,599.46,592.86,594.28,94051374.0
2025-06-23 04:00:00,595.04,600.54,591.89,600.15,87426039.0
2025-06-24 04:00:00,604.33,607.8499,603.41,606.78,67735293.0
2025-06-25 04:00:00,607.91,608.61,605.54,607.12,62114767.0
2025-06-26 04:00:00,608.99,612.31,608.37,611.87,78548361.0
2025-06-27 04:00:00,612.88,616.39,610.83,614.91,86258398.0
2025-06-30 04:00:00,617.38,619.22,615.04,617.85,92502541.0
2025-07-01 04:00:00,616.36,618.83,615.52,617.65,70030140.0
2025-07-02 04:00:00,617.24,620.49,616.61,620.45,66510374.0
2025-07-03 04:00:00,622.45,626.28,622.43,625.34,51065789.0
2025-07-07 04:00:00,623.36,624.03,617.87,620.68,74814505.0
2025-07-08 04:00:00,621.35,622.11,619.52,620.34,59024585.0
2025-07-09 04:00:00,622.77,624.72,620.9105,624.06,66113326.0
2025-07-10 04:00:00,624.2,626.8701,623.01,625.82,57528960.0
2025-07-11 04:00:00,622.74,624.86,621.53,623.62,63670226.0
2025-07-14 04:00:00,623.16,625.1581,621.7999,624.81,51898518.0
2025-07-15 04:00:00,627.52,627.86,622.06,622.14,74317260.0
2025-07-16 04:00:00,623.74,624.73,618.05,624.22,88987511.0
2025-07-17 04:00:00,624.4,628.4048,624.18,628.04,68885683.0
2025-07-18 04:00:00,629.3,629.47,626.46,627.58,65621645.0
2025-07-21 04:00:00,628.77,631.54,628.34,628.77,63374984.0
2025-07-22 04:00:00,629.1,629.73,626.19,628.86,60046288.0
2025-07-23 04:00:00,631.55,634.21,629.73,634.21,70511036.0
2025-07-24 04:00:00,634.6,636.15,633.99,634.42,71307134.0
2025-07-25 04:00:00,635.09,637.5799,634.84,637.1,56865364.0
2025-07-28 04:00:00,637.48,638.04,635.54,636.94,54917102.0
2025-07-29 04:00:00,638.35,638.67,634.335,635.26,60556278.0
2025-07-30 04:00:00,635.92,637.68,631.54,634.46,80418851.0
2025-07-31 04:00:00,639.455,639.85,630.765,632.08,103385246.0
2025-08-01 04:00:00,626.3,626.34,619.29,621.72,140103572.0
2025-08-04 04:00:00,625.67,631.215,625.58,631.17,73218015.0
2025-08-05 04:00:00,631.79,632.6052,627.04,627.97,68051401.0
2025-08-06 04:00:00,629.05,633.44,628.13,632.78,64357525.0
2025-08-07 04:00:00,636.24,636.98,629.11,632.25,74205791.0
2025-08-08 04:00:00,634.06,637.645,633.74,637.18,64051626.0
2025-08-11 04:00:00,637.46,638.95,634.66,635.92,58742300.0
2025-08-12 04:00:00,638.29,642.85,636.79,642.69,64821798.0
2025-08-13 04:00:00,644.91,646.19,642.68,644.89,60092790.0
2025-08-14 04:00:00,642.79,645.62,642.34,644.95,59327466.0
2025-08-15 04:00:00,645.99,646.09,642.5153,643.44,68592507.0
2025-08-18 04:00:00,642.86,644.0,642.18,643.3,43804914.0
2025-08-19 04:00:00,643.12,644.105,638.48,639.81,69750731.0
2025-08-20 04:00:00,639.4,639.66,632.95,638.11,88890298.0
2025-08-21 04:00:00,636.28,637.97,633.81,635.55,54805775.0
2025-08-22 04:00:00,637.76,646.5,637.25,645.31,84083214.0
2025-08-25 04:00:00,644.04,645.29,642.35,642.47,51274332.0
2025-08-26 04:00:00,642.2,645.51,641.57,645.16,51581565.0
2025-08-27 04:00:00,644.57,647.37,644.42,646.63,48341069.0
2025-08-28 04:00:00,647.24,649.48,645.34,648.92,61519461.0
2025-08-29 04:00:00,647.47,647.84,643.14,645.05,74522192.0
2025-09-02 04:00:00,637.5,640.49,634.92,640.27,81983545.0
2025-09-03 04:00:00,642.67,644.21,640.46,643.74,70820898.0
2025-09-04 04:00:00,644.42,649.15,643.51,649.12,65219228.0
2025-09-05 04:00:00,651.48,652.21,643.33,647.24,85178935.0
2025-09-08 04:00:00,648.62,649.84,647.23,648.83,63133104.0
2025-09-09 04:00:00,648.97,650.86,647.22,650.33,66133856.0
2025-09-10 04:00:00,653.62,654.55,650.63,652.21,78034529.0
2025-09-11 04:00:00,654.18,658.33,653.59,657.63,69934360.0
2025-09-12 04:00:00,657.6,659.11,656.9,657.41,72780135.0
2025-09-15 04:00:00,659.64,661.04,659.34,660.91,63772412.0
2025-09-16 04:00:00,661.47,661.78,659.21,660.0,61168953.0
2025-09-17 04:00:00,660.01,661.72,654.3,659.18,101952244.0
2025-09-18 04:00:00,661.89,664.89,660.27,662.26,90459242.0
2025-09-19 04:00:00,662.33,664.55,660.37,663.7,97945620.0
2025-09-22 04:00:00,662.2,667.29,662.17,666.84,69452201.0
2025-09-23 04:00:00,666.72,667.34,661.98,663.21,81708872.0
2025-09-24 04:00:00,664.51,664.61,659.67,661.1,68082229.0
2025-09-25 04:00:00,657.94,659.4056,654.405,658.05,89622067.0
2025-09-26 04:00:00,659.51,662.37,657.88,661.82,69179209.0
2025-09-29 04:00:00,664.36,665.28,661.86,663.68,73499015.0
2025-09-30 04:00:00,662.93,666.65,661.61,666.18,86288028.0
2025-10-01 04:00:00,663.17,669.37,663.06,668.45,72545369.0
2025-10-02 04:00:00,670.45,670.565,666.78,669.22,56895993.0
2025-10-03 04:00:00,669.99,672.675,668.16,669.21,70494350.0
2025-10-06 04:00:00,671.62,672.51,669.455,671.61,54623260.0
2025-10-07 04:00:00,672.54,672.99,667.67,669.12,72020067.0
2025-10-08 04:00:00,670.25,673.2056,669.42,673.11,60702241.0
2025-10-09 04:00:00,673.53,673.94,669.21,671.16,66501941.0
2025-10-10 04:00:00,672.13,673.95,652.84,653.02,159422589.0
2025-10-13 04:00:00,660.65,665.13,659.7679,663.04,79560517.0
2025-10-14 04:00:00,657.17,665.83,653.17,662.23,88779560.0
2025-10-15 04:00:00,666.82,670.23,658.93,665.17,81702555.0
2025-10-16 04:00:00,666.82,668.71,657.11,660.64,110563346.0
2025-10-17 04:00:00,659.5,665.755,658.14,664.39,96500870.0
2025-10-20 04:00:00,667.32,672.21,667.27,671.3,60493350.0
2025-10-21 04:00:00,671.44,672.99,669.981,671.29,56249034.0
2025-10-22 04:00:00,672.0,672.0,663.3,667.8,80564006.0
2025-10-23 04:00:00,668.12,672.7101,667.8,671.76,65604461.0
2025-10-24 04:00:00,676.46,678.47,675.65,677.25,74356527.0
2025-10-27 04:00:00,682.73,685.54,682.115,685.24,63339790.0
2025-10-28 04:00:00,687.05,688.905,684.83,687.06,61738073.0
2025-10-29 04:00:00,688.72,689.7,682.87,687.39,85362207.0
2025-10-30 04:00:00,683.9,685.94,679.83,679.83,76335751.0
2025-10-31 04:00:00,685.04,685.08,679.24,682.06,87164122.0
2025-11-03 05:00:00,685.67,685.8,679.94,683.34,57315025.0
2025-11-04 05:00:00,676.11,679.96,674.58,675.24,78426969.0
2025-11-05 05:00:00,674.98,680.86,674.17,677.58,74402376.0
2025-11-06 05:00:00,676.47,677.38,668.72,670.31,85035298.0
2025-11-07 05:00:00,667.91,671.08,661.205,670.97,100592443.0
2025-11-10 05:00:00,677.235,682.18,675.03,681.44,75842888.0
2025-11-11 05:00:00,679.95,683.57,678.73,683.0,58953385.0
2025-11-12 05:00:00,684.79,684.96,680.945,683.38,62312484.0
2025-11-13 05:00:00,680.5,680.86,670.52,672.04,103457788.0
2025-11-14 05:00:00,665.38,675.66,663.265,671.93,96846672.0
2025-11-17 05:00:00,669.7,673.71,662.17,665.67,90456105.0
2025-11-18 05:00:00,662.095,665.12,655.86,660.08,114467488.0
2025-11-19 05:00:00,660.78,667.34,658.745,662.63,94702955.0
2025-11-20 05:00:00,672.91,675.56,651.89,652.53,165293521.0
2025-11-21 05:00:00,655.05,664.55,650.85,659.03,123956203.0
2025-11-24 05:00:00,662.69,670.06,661.59,668.73,80437940.0
2025-11-25 05:00:00,668.63,676.21,664.48,675.02,81077088.0
2025-11-26 05:00:00,677.63,681.7,676.72,679.68,71879597.0
2025-11-28 05:00:00,680.86,683.665,680.5,683.39,49212030.0
2025-12-01 05:00:00,678.81,682.99,678.74,680.27,61201193.0
2025-12-02 05:00:00,681.92,683.82,679.3275,681.53,62953844.0
2025-12-03 05:00:00,680.57,684.91,679.69,683.89,57238481.0
2025-12-04 05:00:00,685.3,685.37,681.34,684.39,61970336.0
2025-12-05 05:00:00,685.47,688.39,684.58,685.69,79241045.0
2025-12-08 05:00:00,686.59,686.64,681.57,683.63,55231462.0
2025-12-09 05:00:00,683.15,685.385,682.59,683.04,58310055.0
2025-12-10 05:00:00,682.56,688.97,681.31,687.57,85671334.0
2025-12-11 05:00:00,685.14,689.25,682.165,689.17,86173678.0
2025-12-12 05:00:00,688.17,688.88,679.1744,681.76,113160347.0
2025-12-15 05:00:00,685.74,685.76,679.25,680.73,90810952.0
2025-12-16 05:00:00,679.23,681.08,674.98,678.87,122030631.0
2025-12-17 05:00:00,679.89,680.435,671.195,671.4,110625198.0
2025-12-18 05:00:00,677.6,680.74,674.9,676.47,108650128.0
2025-12-19 05:00:00,676.59,681.09,676.47,680.59,103599543.0
2025-12-22 05:00:00,683.94,685.36,680.5868,684.83,69556733.0
2025-12-23 05:00:00,683.92,688.2,683.87,687.96,64839951.0
2025-12-24 05:00:00,687.95,690.83,687.8,690.38,39445560.0
2025-12-26 05:00:00,690.64,691.66,689.27,690.31,41613347.0
2025-12-29 05:00:00,687.54,689.2,686.07,687.85,62559503.0
2025-12-30 05:00:00,687.445,688.555,686.58,687.01,47160671.0
2025-12-31 05:00:00,687.14,687.36,681.71,681.92,74144801.0
2026-01-02 05:00:00,685.71,686.87,679.82,683.17,89377203.0
2026-01-05 05:00:00,686.54,689.43,686.375,687.72,71927191.0
2026-01-06 05:00:00,687.93,692.315,687.78,691.81,69273827.0
2026-01-07 05:00:00,692.19,693.96,689.32,689.58,75588337.0
2026-01-08 05:00:00,688.82,690.615,687.49,689.51,64019200.0
2026-01-09 05:00:00,690.63,695.31,689.18,694.07,80125467.0
2026-01-12 05:00:00,690.68,696.09,690.63,695.16,63976002.0
2026-01-13 05:00:00,695.49,696.09,691.35,693.77,78309726.0
2026-01-14 05:00:00,691.0,691.72,686.04,690.36,94676684.0
2026-01-15 05:00:00,694.57,695.45,691.25,692.24,77861974.0
2026-01-16 05:00:00,693.66,694.25,690.1,691.66,79289200.0
2026-01-20 05:00:00,681.49,684.77,676.57,677.58,111623277.0
2026-01-21 05:00:00,679.65,688.735,678.13,685.4,127844467.0
2026-01-22 05:00:00,689.85,691.125,686.92,688.98,77112243.0
2026-01-23 05:00:00,688.15,690.96,687.16,689.23,63059578.0
2026-01-26 05:00:00,690.49,694.13,689.92,692.73,60473813.0
2026-01-27 05:00:00,694.18,696.53,693.57,695.49,55506147.0
2026-01-28 05:00:00,697.05,697.84,693.94,695.42,61172165.0
2026-01-29 05:00:00,696.39,697.06,684.83,694.04,97486198.0
2026-01-30 05:00:00,691.79,694.21,687.12,691.97,101835131.0
2026-02-02 05:00:00,689.58,696.93,689.425,695.41,79286458.0
2026-02-03 05:00:00,696.21,696.96,684.03,689.53,107904611.0
2026-02-04 05:00:00,690.35,691.45,681.76,686.19,105204600.0
2026-02-05 05:00:00,680.94,683.69,675.79,677.62,113610812.0
2026-02-06 05:00:00,681.46,692.31,680.85,690.62,89127566.0
2026-02-09 05:00:00,689.42,695.87,688.34,693.95,73885192.0
2026-02-10 05:00:00,694.95,696.54,691.66,692.12,65185725.0
2026-02-11 05:00:00,696.39,697.14,689.18,691.96,76353872.0
2026-02-12 05:00:00,694.24,695.35,680.37,681.27,118828963.0
2026-02-13 05:00:00,681.69,686.28,677.52,681.75,96267487.0
2026-02-17 05:00:00,680.14,684.94,675.78,682.85,81354660.0
2026-02-18 05:00:00,684.02,689.15,682.83,686.29,73570341.0
2026-02-19 05:00:00,683.84,686.18,681.5475,684.48,58649363.0
2026-02-20 05:00:00,682.32,690.06,681.73,689.43,100033986.0
2026-02-23 05:00:00,687.83,690.0,680.371,682.39,90558087.165861
2026-02-24 05:00:00,681.9,688.35,680.0,687.35,73798727.15384
2026-02-25 05:00:00,690.18,693.68,690.1,693.15,56369479.067997
2026-02-26 05:00:00,693.28,693.3,684.35,689.3,71670990.008025
2026-02-27 05:00:00,683.09,686.86,681.64,685.99,83308868.984515
2026-03-02 05:00:00,678.7,688.62,678.02,686.38,87477198.69359
2026-03-03 05:00:00,675.06,682.61,669.66,680.33,105003113.374148
2026-03-04 05:00:00,681.63,687.09,679.62,685.13,79182244.545392
2026-03-05 05:00:00,682.08,685.53,675.61,681.31,106606464.921614
2026-03-06 05:00:00,673.41,676.11,669.76,672.38,100686951.457708
2026-03-09 04:00:00,666.39,679.92,662.39,678.27,102667711.038582
2026-03-10 04:00:00,677.72,683.36,674.76,677.18,81505315.849502
2026-03-11 04:00:00,677.58,680.08,673.34,676.33,68441672.317886
2026-03-12 04:00:00,671.16,671.65,665.87,666.06,108882246.682898
2026-03-13 04:00:00,669.27,672.335,661.36,662.29,97200242.450889
2026-03-16 04:00:00,668.38,672.07,667.12,669.03,82023130.110765
2026-03-17 04:00:00,672.39,674.44,669.7,670.79,87128044.932692
2026-03-18 04:00:00,668.36,669.72,661.19,661.43,82062576.584433
2026-03-19 04:00:00,656.97,662.98,655.17,659.8,111272539.22716
2026-03-20 04:00:00,656.51,656.69,644.72,648.57,163617522.898786
2026-03-23 04:00:00,658.07,662.615,653.94,655.38,134802732.497249
2026-03-24 04:00:00,651.32,657.03,649.88,653.18,96457478.294394
2026-03-25 04:00:00,658.67,660.89,654.24,656.82,90653787.437476
2026-03-26 04:00:00,652.06,654.85,644.82,645.09,96494375.141859
2026-03-27 04:00:00,642.5,642.66,633.105,634.09,103649368.514115
2026-03-30 04:00:00,640.11,640.37,629.28,631.97,99275851.398325
2026-03-31 04:00:00,638.94,651.54,637.98,650.34,152534102.839604
2026-04-01 04:00:00,653.9,658.52,653.0,655.24,97841472.332028
2026-04-02 04:00:00,646.42,658.2,645.11,655.83,68358713.798754
2026-04-06 04:00:00,655.86,659.72,655.52,658.93,39105758.985233
2026-04-07 04:00:00,656.65,659.61,651.06,659.22,69980362.214976
2026-04-08 04:00:00,676.39,677.08,671.46,676.01,93606114.539743
2026-04-09 04:00:00,674.84,681.16,673.77,679.91,57134445.129013
2026-04-10 04:00:00,681.32,682.03,678.45,679.46,42253456.504923
2026-04-13 04:00:00,677.41,686.3,676.58,686.1,54185819.713632
2026-04-14 04:00:00,687.69,694.58,687.66,694.46,63480529.152439
2026-04-15 04:00:00,695.26,700.28,694.2,699.94,58240384.193547
2026-04-16 04:00:00,701.06,702.78,698.53,701.66,49972363.544464
2026-04-17 04:00:00,706.14,712.39,705.76,710.14,70661926.525697
2026-04-20 04:00:00,708.78,709.91,706.14,708.72,43546812.254513
2026-04-21 04:00:00,710.28,711.275,702.64,704.08,58941384.897666
2026-04-22 04:00:00,709.15,711.45,708.22,711.21,42518498.41785
2026-04-23 04:00:00,709.5,712.3598,702.2803,708.45,56173990.995762
2026-04-24 04:00:00,710.75,714.47,709.01,713.94,45181957.231292
2026-04-27 04:00:00,713.17,715.63,712.295,715.17,33135943.287389
2026-04-28 04:00:00,711.815,712.88,709.25,711.69,43117436.90906
2026-04-29 04:00:00,711.0,712.2,708.37,711.58,41859227.624982
2026-04-30 04:00:00,714.63,719.79,710.445,718.66,67240949.268411
2026-05-01 04:00:00,721.25,724.87,720.47,720.65,43049849.392953
2026-05-04 04:00:00,720.07,722.12,714.99,718.01,51950558.806901
2026-05-05 04:00:00,721.77,725.04,721.4898,723.77,36933226.165292
2026-05-06 04:00:00,728.16,734.59,727.82,733.83,53288940.602052
2026-05-07 04:00:00,735.05,736.13,729.75,731.58,51724642.591849
2026-05-08 04:00:00,734.93,738.08,734.57,737.62,47227085.270493
2026-05-11 04:00:00,736.45,740.79,736.45,739.3,44023951.70666
2026-05-12 04:00:00,736.89,738.84,731.83,738.18,54185273.873088
2026-05-13 04:00:00,738.47,743.91,735.47,742.31,44200203.200766
2026-05-14 04:00:00,743.65,749.53,743.56,748.17,45307603.93109
2026-05-15 04:00:00,741.79,743.46,737.96,739.17,60410771.903448
2026-05-18 04:00:00,739.83,741.415,733.39,738.65,47843865.674917
2026-05-19 04:00:00,734.78,737.65,731.53,733.73,54255913.94581
2026-05-20 04:00:00,735.71,741.87,733.89,741.25,45768035.816823
2026-05-21 04:00:00,738.64,744.87,737.03,742.72,43332225.851951
2026-05-22 04:00:00,746.24,748.94,744.48,745.64,41762006.629704
2026-05-26 04:00:00,750.01,752.13,748.37,750.59,41123621.341309
2026-05-27 04:00:00,750.88,751.38,748.22,750.46,42106285.988851
2026-05-28 04:00:00,750.25,755.15,749.23,754.6,41562563.326342
2026-05-29 04:00:00,755.9,758.08,754.69,756.48,55075739.021078
2026-06-01 04:00:00,755.36,760.28,754.69,758.54,43634933.336537
2026-06-02 04:00:00,757.03,760.4,756.75,759.57,31581852.35838
2026-06-03 04:00:00,758.15,758.8,753.57,754.24,51402518.191133
2026-06-04 04:00:00,752.1,758.31,751.47,757.09,49923036.162998
2026-06-05 04:00:00,752.31,752.82,735.525,737.55,93989416.253796
2026-06-08 04:00:00,743.36,745.34,738.19,739.22,49319144.362636
2026-06-09 04:00:00,743.63,746.9,722.59,737.05,87683517.332714
2026-06-10 04:00:00,733.39,738.38,725.33,725.43,60341349.856783
2026-06-11 04:00:00,728.76,740.0,724.405,737.76,86330522.180644
2026-06-12 04:00:00,740.71,744.44,735.03,741.75,57079533.19996
2026-06-15 04:00:00,751.85,756.68,751.76,754.83,60176425.24112
2026-06-16 04:00:00,754.55,755.44,749.88,750.33,67093142.854494
2026-06-17 04:00:00,751.29,752.15,739.22,740.96,85945227.072968
2026-06-18 04:00:00,747.76,748.23,743.86,746.74,80875657.921747
2026-06-22 04:00:00,747.7,750.18,743.13,744.39,46628074.789175
2026-06-23 04:00:00,733.81,739.63,732.3,733.58,66846780.188036
2026-06-24 04:00:00,735.17,739.945,730.84,733.24,57439507.931248
2026-06-25 04:00:00,738.91,739.37,729.6,734.3,54128065.383754
2026-06-26 04:00:00,728.945,736.53,716.58,728.99,71033969.988909
2026-06-29 04:00:00,736.525,741.56,732.09,741.0,58035228.531556
2026-06-30 04:00:00,741.29,748.02,740.89,746.77,55626035.474924
2026-07-01 04:00:00,745.0,749.435,742.375,745.76,47100878.550032
2026-07-02 04:00:00,747.4,751.31,740.03,744.78,57505953.90362
